Skyline Apartments,2006,5000
Greenview Realty,1999,7001
Blue Ridge Estates,2011,3000
Sunrise Properties,2000,12000
Urban Living Solutions,2008,8001
Cityscape Rentals,2003,15000
Pine Valley Apartments,2012,2000
Luxury Heights,2015,10000
Mountain Ridge Homes,2007,9000
Seaside Living,2006,4000
Metro Rentals,2009,11000
Coastal Real Estate,2011,2500
Golden Gate Realty,1998,6000
Park Avenue Properties,2004,13000
Downtown Living,2002,18000
Hilltop Realty,2014,2201
Sunset Builders,2001,1002
Grizly Realty,2010,1001
